COMPANY_ID,COMPANY_NAME,COMPANY_CAREERS_URL
C00001,AXA,https://us.axa.com/about-axa/axa-careers/index.html
C00002,Berkshire hathway,https://www.bhhc.com/careers.aspx
C00003,Goldman Sachs,https://www.goldmansachs.com/careers/
C00004,Citi  Bank,https://jobs.citi.com/search-jobs
C00005,Con Edison,https://www.coned.com/en/about-us/careers
C00006,Fannie Mae,https://careers.fanniemae.com/main/?
C00007,BNY Mellon,https://www.bnymellon.com/us/en/careers/index.jsp
C00008,Bloomberg,https://www.bloomberg.com/careers/
C00009,Union Bank,https://www.ublocal.com/careers/
C000010,Evercore,https://www.evercore.com/join-our-team/
C000011,Tiffany&Co,https://www.tiffanycareers.com/job-search-results/
C000012,Moody's,https://careers.moodys.com/
C000013,CIT Group,https://www.cit.com/about-us/careers/
C000014,Morgan Stanley,https://www.morganstanley.com/people
C000015,Moelis&Company,https://www.moelis.com/careers/
C000016,Brown Brothers Harriman,https://www.bbh.com/en-us/careers
C000017,AIG,https://www.aig.com/careers
C000018,Tradeweb,https://www.tradeweb.com/who-we-are/careers/
C000019,Hartford Financial Services,https://www.thehartford.com/careers
C000020,Bristol-Myers Squibb,https://www.bms.com/job-seekers.html
C000021,Massmutual,https://www.massmutual.com/about-us/careers
C000022,UBS,https://www.ubs.com/global/en/careers.html
C000023,Bank Of America,http://careers.bankofamerica.com/us
C000024,LPL Financial,https://careers.lpl.com/
C000025,ZS Associates,https://jobs.zs.com/
C000026,Direct Supply,https://www.directsupply.com/careers/
C000027,TIAA,https://careers.tiaa.org/tiaa/jobs/search/312599
C000028,TD Ameritrade,http://careers.tdameritrade.com/
C000029,Lynden Incorporated,http://www.lynden.com/lint/about/employment.html
C000030,Charles Schwab,https://www.schwabjobs.com/
C000031,Holman group,https://www.holmancareers.com/
C000032,Rabobank,https://rabobank.jobs/en/
C000033,Wells Fargo,https://www.wellsfargo.com/about/careers/
C000034,Capital One,https://www.capitalonecareers.com/
C000035,Inland Bankcorp,https://www.inlandbank.com/careers
C000036,Northstar Financial Services,https://www.nstar-financial.com/careers/
C000037,Intercontinental Exchange,https://www.intercontinentalexchange.com/careers
C000038,United Consumers Credit union,https://www.uccumo.com/about-us/careers.html
C000039,Cambridge Associates,https://www.cambridgeassociates.com/careers/
C000040,Bain capital,https://www.bain.com/careers/
C000041,Eaton Vance,https://www.eatonvance.com/careers.php
C000042,Fidelity Investments,https://jobs.fidelity.com/ListJobs/All
C000043,Leerink Partners,https://www.svbleerink.com/company/careers/
C000044,Quantopian,https://quantopian.recruiterbox.com/
C000045,SEI Investments,https://seic.com/careers
C000046,Gordon Brothers,https://www.gordonbrothers.com/careers
C000047,Crayon,https://www.crayon.co/careers
C000048,Berkshire Bank,https://www.berkshirebank.com/About/Who-We-Are/Careers
C000049,First Republic Bank,https://www.firstrepublic.com/about-us/careers
C000050,BNP Paribas,https://group.bnpparibas/en/careers
C000051,Visa,https://usa.visa.com/careers.html
C000052,McKesson,https://www.mckesson.com/careers/
C000053,Northern Trust,https://northerntrustcareers.com/
C000054,GATX,http://www.gatx.com/wps/wcm/connect/GATX/GATX_SITE/Home/Careers/Begin/Open+Positions/
C000055,BMO Harris Bank,https://bmoharriscareers.com/
C000056,William Blair& Company,https://www.williamblair.com/Careers.aspx
C000057,CBOE,http://www.cboe.com/aboutcboe/careers
C000058,Mesirow Financial,https://www.mesirowfinancial.com/careers/
C000059,MorningStar,https://www.morningstar.com/careers
C000060,CME group,https://www.cmegroup.com/careers.html
C000061,PWC,https://www.pwc.com/us/en/careers.html
C000062,Envestnet,https://www.envestnet.com/career-opportunities
C000063,Guggenhein Partners,https://www.guggenheimpartners.com/firm/careers
C000064,Driehaus Capital Management,https://www.driehaus.com/about/culture/careers
C000065,CIBC,https://us.cibc.com/en/about-us/careers.html
C000066,Voya Financial,https://corporate.voya.com/careers
C000067,Ameriprise Financial,https://www.joinameriprise.com/corporate/career-opportunities/
C000068,Fisher Investments,https://www.fishercareers.com/jobs/search
C000069,Progressive Insurance,https://www.progressive.com/careers/
C000070,Edward Jones,https://sjobs.brassring.com/TGnewUI/Search/Home/HomeWithPreLoad?partnerid=26235&siteid=5374&PageType=searchResults&SearchType=linkquery&LinkID=529#keyWordSearch=&locationSearch=
C000071,PrimeLending,https://www.primelending.com/careers/index/
C000072,Ondeck Capital,https://www.ondeck.com/careers/opportunities
C000073,KPMG,https://home.kpmg/us/en/home/careers.html
C000074,USAA,https://www.usaajobs.com/career-areas
C000075,American Express,https://jobs.americanexpress.com/big+data?
C000076,Nationwide,https://nationwide.wd1.myworkdayjobs.com/Nationwide_Career
C000077,Prudential Financial,http://jobs.prudential.com/
C000078,Ares Capital,http://www.aresmgmt.com/who-we-are/careers-at-ares.html
C000079,AllState Insurance,https://www.allstate.com/careers.aspx
C000080,PNC Financial Service Group,https://www.pnc.com/en/about-pnc/careers.html
C000081,Primerica,http://www.primericabusinessopportunity.com/
C000082,Cincinnati Financial Corporation,https://www.cinfin.com/careers/learn-more
C000083,Axis Capital Holdings Limited,https://www.axiscapital.com/about-axis/careers
C000084,Hanover Insurance Group Inc,http://jobs.hanover.com/
C000085,Brixmor Property Group Inc,https://www.brixmor.com/about/jobs
C000086,Axa XL,https://axaxl.com/about/careers
C000087,US bankcorp,https://www.usbank.com/careers/index.html
C000088,Chubb,https://www.chubb.com/us-en/careers/
C000089,CME Group,https://www.cmegroup.com/careers.html
C000090,S&P Global,https://careers.spglobal.com/
C000091,Suntrust Banks,https://jobs.suntrust.com/
C000092,Discover Financial Services,https://jobs.discover.com/
C000093,Synchrony Financial,https://synchronycareers.com/jobs/
C000094,KeyBank,https://careers.key.com/search
C000095,Mckinsey&Company,https://www.mckinsey.com/careers/search-jobs
C000096,Two Sigma,https://careers.twosigma.com/
C000097,Citadel Federal Credit Union,https://www.citadel.com/careers/
C000098,Bridgewater Associates,https://www.bridgewater.com/campus-recruiting/
C000099,Credit Suisse,https://www.credit-suisse.com/careers/en.html
C0000100,E*Trade Financial,https://www.etradecareers.com/
C0000101,Navy Federal Credit Union,https://nfcucareers.ttcportals.com/jobs/search?ns_content=all_jobs
C0000102,Allianz Life Insurance Company of NorthAmerica,https://careers.allianz.com/en_US.html
C0000103,Acuity Insurance,https://www.acuity.com/about/careers
C0000104,National MI,https://www.nationalmi.com/careers/
C0000105,Raymond James Financial,https://www.raymondjames.com/careers
C0000106,Avalara,https://www.avalara.com/us/en/about/jobs/job-openings.html
C0000107,Brightscope,https://www.strategic-i.com/careers/
C0000108,Berkery Noyes,https://berkerynoyes.com/aboutus/careers/
C0000109,NASDAQ,https://business.nasdaq.com/discover/careers/where-we-work/Index.html
C0000110,Can Capital,https://www.cancapital.com/careers/
C0000111,Experian,http://www.experian.com/corporate/careers-home.html
C0000112,Vanguard,https://www.vanguardjobs.com/job-search-results/
C0000113,SIGFIG,https://boards.greenhouse.io/sigfig
C0000114,SmartAsset,https://smartasset.com/careers
C0000115,American Capital Group,https://agnc.com/careers/
C0000116,Pave,https://www.pave.com/careers
C0000117,Merrill Lynch,https://www.bofaml.com/en-us/content/careers.html
C0000118,Lenddo,https://www.lenddo.com/careers.html
C0000119,T Rowe Price,https://www.troweprice.com/corporate/en/careers.html
C0000120,Signature Bank,https://cho.tbe.taleo.net/cho02/ats/careers/jobSearch.jsp?cws=39&org=SIGNATUREBANK
C0000121,Lowes Corporation,https://loews.com/loews-careers
C0000122,Synovus Financial Corp,https://www.synovus.com/about-us/careers/
C0000123,Franklin Resources,https://www.franklintempletoncareers.com/
C0000124,Aircastle Limited,https://www.aircastle.com/
C0000125,Capitol Federal Financial Inc,https://capfed.com/careers
C0000126,Assurant Inc,https://jobs.assurant.com/
C0000127,CNO Financial Group,https://www.cnoinc.com/careers/
C0000128,Freddie Mac,http://www.freddiemac.com/careers-blog/
C0000129,Fidelity International,https://www.fidelityrecruitment.com/uk-ireland/job-search-and-apply
C0000130,Onex Corporation ,https://www.onexcompany.com/careers/
C0000131,James Richardson & Sons Ltd,https://www.richardson.ca/our-careers/
C0000132,CI Financial Corp,https://www.cifinancial.com/careers
C0000133,E-L Financial Corporation Ltd,https://www.empire.ca/about-us/career-opportunities
C0000134,Barclays,https://home.barclays/careers/
C0000135,Bank of England,https://www.bankofengland.co.uk/careers
C0000136,Zions Bank Corp,https://careers.zionsbancorp.com/
C0000137,HSBC,https://www.hsbc.com/careers
C0000138,Lloyds banking group,https://www.lloydsbankinggroup.com/careers/
C0000139,Transferwise,https://transferwise.com/jobs/
C0000140,Funding circle,https://www.fundingcircle.com/us/about/careers/
C0000141,Algomi,https://www.algomi.com/careers
C0000142,Blockchain,https://www.blockchain.com/careers
C0000143,Monzo Bank,https://monzo.com/careers/
C0000144,Yielders,https://www.yielders.co.uk/about-us/careers
C0000145,Market Invoice,https://www.marketinvoice.com/careers
C0000146,Trustmark National Bank,https://www.trustmark.com/about-us/trustmark-career-opportunities
C0000147,Capital First ltd,https://www.capitalfirst.com/careers
C0000148,Union Bankshares Corp,https://www.bankatunion.com/About/Careers
C0000149,Hargreaves Lansdown PLC,http://www.hargreaveslansdownjobs.co.uk/
C0000150,IFCI Ltd,https://www.ifciltd.com/?q=content/career
C0000151,Weingarten Realty Investors,http://www.weingarten.com/careers/
C0000152,Vouch Financial,https://angel.co/vouch-financial/jobs
C0000153,Schroders PLC,https://www.schroders.com/en/us/people/working-here/
C0000154,Admiral Group PLC,https://admiraljobs.co.uk/vacancies/
C0000155,Legal and General,https://www.lgamerica.com/corporate/jobs
C0000156,Aviva,https://www.aviva.com/careers/
C0000157,Zurich Insurance Group,https://careers.zurich.com/
C0000158,KFW,https://www.kfw-ipex-bank.de/International-financing/KfW-IPEX-Bank/Karriere/
C0000159,Deutsche Bank,https://www.db.com/careers/index_e.html
C0000160,Common Wealth Bank,http://careers.commbank.com.au/commbank/en/listing/?jobnotfound=true
C0000161,National Australia Bank,https://www.nab.com.au/about-us/careers
C0000162,TD Bank,https://jobs.td.com/en/job-opportunities/
C0000163,HDFC Corp Ltd,https://www.hdfc.com/careers
C0000164,Bajaj Finance Limited,https://www.bajajfinserv.in/career-opportunities
C0000165,Yes Bank,https://www.yesbank.in/work-with-us/career-opportunities
C0000166,Muthoot Finance Limited,https://www.muthootfinance.com/careers/employees_speak
C0000167,ANZ Banking Group Limited,https://www.anz.com.au/careers/
C0000168,Macquarie  Group Limited,https://www.macquarie.com/us/about/careers/
C0000169,Insurance Australia,https://www.iag.com.au/careers
C0000170,ASX Limited,https://www.asx.com.au/about/careers-at-asx.htm
C0000171,Royal Bank of Scotland,https://jobs.rbs.com/
C0000172,Standard Chartered,https://scb.taleo.net/careersection/ex/jobsearch.ftl?lang=en
C0000173,Quicken Loans,https://quickenloans.wd5.myworkdayjobs.com/rocket_careers
C0000174,Capital One Financial,https://www.capitalonecareers.com/search-jobs
C0000175,Bankers Healthcare Group,https://recruiting.ultipro.com/BAN1014BANKH/JobBoard/dd7967f1-a748-dc75-2c12-224d7aaad5a5/?q=&o=postedDateDesc
C0000176,Credit Acceptance Corporation,https://creditacceptance.wd5.myworkdayjobs.com/Credit_Acceptance
C0000177,Veterans United Home Loans,https://www.veteransunited.com/careers/job-listing/
C0000178,New American Funding,https://recruiting.adp.com/srccar/public/RTI.home?c=1139241&d=ExternalCareerSite
C0000179,ESL Federal Credit Union,https://recruiting.ultipro.com/ESL1000ESL/JobBoard/0690c0e1-6bba-4977-83bf-9bde86c5080b/?q=&o=postedDateDesc
C0000180,U.S Bank,https://www.usbank.com/careers/index.html
C0000181,MFS Investment Management,https://mfs.wd1.myworkdayjobs.com/MFS-Careers
C0000182,Lenda,https://angel.co/lenda/jobs
C0000183,Lendah Loans,https://lendah.com/careers/
C0000184,Sentinel Benefits & Financial Group,https://sentinelbenefitsfinancial.applytojob.com/apply
C0000185,Public Consulting Group,https://careers-pcgus.icims.com/jobs/search?ss=1
C0000186,Tiger Capital Group,https://www.tigergroup.com/about-us/careers/
C0000187,Brookwood Financial Partners,https://brookwoodfinancial.com/careers-dev/
C0000188,reacHIRE,https://www.reachire.com/women/jobs
C0000189,Axtria INC,https://www.axtria.com/careers/
C0000190,Winchester Cooperative Banks,https://www.winchestersavings.com/Careers.aspx
C0000191,Liberty Mutual Insurance,https://jobs.libertymutualgroup.com/search-jobs/
C0000192,Forward Financing,https://www.forwardfinancing.com/careers/#open-positions
C0000193,Sun Life Financial ,https://sunlife.wd3.myworkdayjobs.com/Experienced-Jobs
C0000194,"Duff & Phelps, LLC",https://careers.duffandphelps.jobs/search-jobs
C0000195,FIS Global,https://www.fisglobal.com/careers/Jobs
C0000196,Symetra Financial,https://recruiting.adp.com/srccar/public/RTI.home?c=1204501&d=External
C0000197,Northwestern Mutual Life Insurance,https://jobs.northwesternmutual.com/search/?alertId=&title=&date=&utm_source=nmdotcom&utm_medium=button&utm_campaign=corporate-careers&utm_term=na&utm_content=all-jobs
C0000198,Federal Reserve Bank of Boston,https://www.bostonfed.org/careers/search-and-apply.aspx
C0000199,Manulife,https://jobs.manulife.com/ListJobs/All
C0000200,Circle Internet Financial,https://circle.careers/#nwh-openings
C0000201,Robinhood,https://careers.robinhood.com/openings
C0000202,Stradegi Consulting,http://www.stradegi.com/careers/
C0000203,Prodigy Finance,https://prodigyfinance.com/careers/job-openings
C0000204,Federal Home Loan Bank of Boston,https://chu.tbe.taleo.net/chu01/ats/careers/searchResults.jsp?org=FHLBBOSTON&cws=1
C0000205,SS&C Tech,https://www.ssctech.com/about-us/careers/us-positions
C0000206,Freedom Financial, https://jobs.freedomfinancialnetwork.com/?page_size=250&page_number=1&sort_by=headline&sort_order=ASC
C0000207,Coinbase,https://www.coinbase.com/careers
C0000208,Chime,https://www.chimebank.com/job-openings/
C0000209,Mercer Advisors,https://www.paycomonline.net/v4/ats/web.php/jobs?clientkey=C5293336D8F173587892158EBCCAEF72&jpt=
C0000210,Marqeta,https://www.marqeta.com/company/careers/all-jobs
C0000211,SF Fire Credit Union,https://www.sffirecu.org/about-us/careers
C0000212,BlackRock,https://careers.blackrock.com/job-search-results/
C0000213,TrueAccord,https://jobs.lever.co/trueaccord
C0000214,Globe Trend Investments,https://www.google.com/search?q=global+trends+investments+careers&rlz=1C1CHBF_enUS811US811&oq=global+trends+investments+careers&aqs=chrome..69i57.5812j1j7&sourceid=chrome&ie=UTF-8
C0000215,Plum Lending,https://plumlending.com/careers/
C0000216,Personal Capital,https://www.personalcapital.com/company/jobs
C0000217,LendingClub,https://lendingclub.wd1.myworkdayjobs.com/External
C0000218,Xignite,https://www.xignite.com/market-data/careers/
C0000219,Plaid,https://plaid.com/careers/
C0000220,YouLand Inc,https://www.youland.us/menu_list/about/jobs
C0000221,Alliance Bernstein,https://careers-alliancebernstein.icims.com/jobs/search?ss=1&searchRelation=keyword_all
C0000222,Wedbush Securities,http://wedbush.atsondemand.com/index.cfm?
C0000223,Accordion Partners,https://www.accordion.com/our-story/careers
C0000224,Credible,https://boards.greenhouse.io/credible
C0000225,Treloar & Heisel,https://treloaronline.apscareerportal.com/account?__hssc=106356252.1.1553978258991&__hstc=106356252.66c7c777fab0d929e6da2ca77f90b60d.1553978258991.1553978258991.1553978258991.1&__hsfp=1798402571&hsCtaTracking=e4caeaa7-c604-4631-a658-50a1df86f39d%7C73f565e4-f85e-4a90-ba9e-9309b246184a
C0000226,Redwood Credit Union,https://jobs.silkroad.com/RedwoodCreditUnion/redwoodcucareerssilkroadcom/
C0000227,Compass Analytics,http://www.compass-analytics.com/about-us/careers/
C0000228,Anchorage,https://boards.greenhouse.io/anchorage
C0000229,SoFi,https://www.sofi.com/careers/
C0000230,OFX,https://ofx.bamboohr.com/jobs/
C0000231,Parallel Advisors,https://www.paralleladvisors.com/careers/jobs
C0000232,Roostify,https://www.roostify.com/open-positions
C0000233,OUM & Co LLP,https://www.oumcpa.com/openings/
C0000234,Umpqua Bank,https://recruiting.adp.com/srccar/public/RTI.home?d=ExternalCareerSite&_icx=v02rWleXf0nl2TEASLTYAHaRJ3kxuOieZvNiIwj1flpy041lL%2FpatEH9FbgnZF%2FhvKW&c=1215901&_dissimuloSSO=OY9VHSbyWco:WNtkDQ-R6a4vWfx7-mPlhJIwZpk
C0000235,Synapse Financial Tehcnology,https://synapsefi.com/about#careers
C0000236,EarnUp,https://careers.earnup.com/
C0000237,Armanino,https://careers-armaninollp.icims.com/jobs/search?ss=1
C0000238,New York Life & NYLIFE Securities LLC,https://jobs.newyorklife.com/go/All-Jobs/4450600/
C0000239,BrightSide,https://www.gobrightside.com/careers
C0000240,SmartBiz Loans,https://smartbizloans.bamboohr.com/jobs/
C0000241,Bolt,https://bolt.com/jobs
C0000242,Willis Tower Watson,https://careers.willistowerswatson.com/job-search-results/
C0000243,Credit Sesame,https://creditsesame.eightfold.ai/careers
C0000244,Paypal,https://jobsearch.paypal-corp.com/search?keywords=&facetcountry=&location=&facetcategory=
C0000245,JADE Fiducial,https://www.fiducial.com/careers
C0000246,Aspiriant ,https://chm.tbe.taleo.net/chm03/ats/careers/searchResults.jsp?org=ASPILLC&cws=1
C0000247,Cetera Financial Group,https://usceterafina.taleo.net/careersection/ex/jobsearch.ftl?lang=en&portal=101430233
C0000248,Scharf,https://scharfinvestments.com/career-opportunities/
C0000249,LoanMart,https://loanmart.applicantpro.com/jobs/
C0000250,First Quadrant,https://www.firstquadrant.com/people-matter
C0000251,Optima Tax Relief,https://www.optimataxrelief.com/careers/
C0000252,Edelman Financial Engines,https://financialengines.com/opportunities
C0000253,Genovese Burford & Brothers,https://genoveseburfordbrothers.applytojob.com/apply
C0000254,Lockton,https://www.lockton.com/recent-graduates
C0000255,Standard Insurance,https://jobs-standard.icims.com/jobs/search?ss=1&mobile=false&width=1117&height=500&bga=true&needsRedirect=false&jan1offset=-300&jun1offset=-240
C0000256,Dimensional Fund Advisors,https://dimensional.wd5.myworkdayjobs.com/DFA_Careers
C0000257,Lincoln Financial Advisors,https://jobs.lincolnfinancial.com/search/?q=
C0000258,Axcess-Financial,https://cngholdingsinc.wd5.myworkdayjobs.com/Axcess_Financial
C0000259,Golden Valley Bank,https://www.goldenvalley.bank/Careers.aspx
C0000260,Central Valley Bank,https://workforcenow.adp.com/mascsr/default/mdf/recruitment/recruitment.html?cid=952f4c6e-7a7d-4249-b0de-25bf4dbab8f8&jobId=287783&lang=en_US&source=CC2&ccId=19000101_000001&selectedMenuKey=CurrentOpenings
C0000261,Answer Financial,https://www.answerfinancial.com/AboutUs/SearchJobs?a=INSURANCE-QUOTE
C0000262,Mulligan Funding,https://www.mulliganfunding.com/careers/
C0000263,Farmers & Merchants Bank of Centrl California,https://workforcenow.adp.com/mascsr/default/mdf/recruitment/recruitment.html?cid=45d0c09a-f362-43e9-a0af-463afde0dc5f&ccId=19000101_000001&type=MP&lang=en_US
C0000264,Sunwest Bank,https://www.sunwestbank.com/Careers
C0000265,NBS Government Finance Group,https://www.nbsgov.com/careers/
C0000266,Accredited Debt Relief,http://jobs.jobvite.com/accrediteddebtrelief/job
C0000267,"Frank, Rimerman and Co. LLP",https://rew12.ultipro.com/FRA1007/JobBoard/ListJobs.aspx?__VT=ExtCan
C0000268,Cedar Financial ,https://cedarfinancial.com/careers/
C0000269,California Bank and Trust,https://careers.calbanktrust.com/c/finance-and-accounting-jobs
C0000270,Zeo Capital Advisors,https://www.zeo.com/careers/
C0000271,CO-OP Financail Services,https://careers-co-opfs.icims.com/jobs/search?ss=1
C0000272,Nations Lending,https://nlcloans.wd1.myworkdayjobs.com/nationslendingcareers
C0000273,Mission Federal Credit Union,https://usr55.dayforcehcm.com/CandidatePortal/en-US/mfcu
C0000274,First Financial Credit Union,https://www.firstfinancial.org/about/employment-opportunities/
C0000275,Foothill Credit Union,https://www.foothillcu.org/careers
C0000276,The Fundowrks LLC,https://www.thefundworks.com/careers
C0000277,Reliant Funding,https://careers.reliantfunding.com/jobpostings/#/jobs
C0000278,LoanDepot,https://careers.loandepot.com/job-list
C0000279,Evergreen Home Loans,https://www.paycomonline.net/v4/ats/web.php/jobs?clientkey=EDD77311416BA60DB7FC0731B27EBDC4&jpt=
C0000280,Stage 1 Financial,https://stage1financial.com/careers/
C0000281,CBC Federal Credit Union,https://cbcfcu.applicantpro.com/jobs/
C0000282,Eagle Home Mortgage,http://eaglehm.com/careers/jobs/category/processing-centers
C0000283,eCapital,https://ecapital.applytojob.com/apply/
C0000284,Citizens and Northern Bank,https://careers-cnbankpa.icims.com/jobs/search?ss=1
C0000285,Centric Bank,https://recruiting.paylocity.com/recruiting/jobs/List/4505/Centric-Bank
C0000286,Money Mart Financial Services,https://www.moneymart.com/careers/current-opportunities
C0000287,Federal Reserve Bank of Philadelphia,https://www.philadelphiafed.org/careers/job-openings
C0000288,M&T Bank,https://mtb.wd5.myworkdayjobs.com/MTB
C0000289,Santander Bank,https://jobs.santanderbank.com/search-jobs?fl=6252001
C0000290,Comerica Inc,https://recruiting.adp.com/srccar/public/RTI.home?d=comerica-jobs&c=1057141
C0000291,Huntington BancShares,https://recruiting.adp.com/srccar/public/RTI.home?c=1047945&d=HuntingtonExternal
C0000292,First Horizon National,https://re31.ultipro.com/FIR1007/JobBoard/SearchJobs.aspx?__SVRTRID=0822B8DD-C28D-4F6E-8D1D-DB59F7150C8B
C0000293,PacWest Bancorp,https://recruiting.ultipro.com/PAC1009/JobBoard/37e95049-80e2-145c-b48c-f826b780e4d6/?q=&o=postedDateDesc
C0000294,Cullen/Frost Bankers,https://frostbank.wd5.myworkdayjobs.com/External
C0000295,Ally Financial,https://recruiting.adp.com/srccar/public/RTI.home?d=AllyCareers&c=1125607
C0000296,SVB Financial Group,https://svbank.taleo.net/careersection/ex/jobsearch.ftl
C0000297,TBK Bank,https://tbkbank.sabacloud.com/Saba/Web_spf/NA3P1PRD0168/jobs-TBK/career/home/
C0000298,Herring Bank,https://recruiting.ultipro.com/HER1008HBANK/JobBoard/f92d1247-5156-4a04-20ef-270a33668b9b/?q=&o=postedDateDesc
C0000299,GM Financial,https://globalcareers-gmfinancial.icims.com/jobs/search?ss=1
C0000300,Regions Bank,https://regions.wd5.myworkdayjobs.com/Regions_Careers
C0000302,NLC Loans,https://nlcloans.wd1.myworkdayjobs.com/nationslendingcareers
