id,Tags,Mis1,Mis2,Mis3,Mis4,Mis5
1,marchmadness,march madness,marchioness,madness,manifoldness,marshiness
2,beststeakhousehandsdown,steakhouse,beststeakhousehandsdown,,,
3,historic,historic,,,,
4,str8up,strumpet,Strauss,struck,strung,str8up
5,detroitbasketball,basketball,detroitbasketball,,,
6,ripnipthegreat,weatherstripping,ripnipthegreat,,,
7,risetogether,rise together,togetherness,altogether,together,Meriwether
8,airforce1,airfoil,Wilberforce,perforce,airframe,airforce1
9,glorytogod,Glory,glory,glorification,glorious,glorytogod
10,detroitbasketball,basketball,detroitbasketball,,,
11,golddontquit,goldsmiths,goldsmith,Goldstein,Goldsmith,golddontquit
12,retirement,retirement,retirements,,,
13,menhaveskintoo,menhaveskintoo,,,,
14,tmc,tic,Tm,TM,TLC,THC
15,tgbtg,tgbtg,,,,
16,happyeaster,happy easter,happenstance,southeaster,northeaster,easternmost
17,holdat,hold at,holdall,holdout,Holder,Holden
18,legacy,legacy,,,,
19,unfinishedbusiness,unfinished business,unfinished,businesspersons,businessperson,businesspeople
20,ripcity,rip city,ripcord,rapacity,rusticity,reciprocity
21,repost,reposts,repast,report,repose,re post
22,tbt,tit,tat,tot,tut,tbs
23,puremagic,pure magic,pureeing,puritanic,demagogic,premature
24,dame5,dame,dames,damed,dame 5,dame5
25,nbaplayoffs,playoffs,layoffs,playoff,payoffs,nbaplayoffs
26,gameday,game day,gametic,someday,gamester,gamecock
27,spurs,spoors,spurs,spur,spurns,spurts
28,gobeyond,go beyond,beyond,gobbed,gobbled,Golconda
29,theresurgence,the resurgence,resurgence,insurgence,resurgent,counterinsurgency
30,teamcarroll,steamroller,Carroll,steamroll,carrousel's,teamcarroll
31,bravesareback,bareback,bravest,braveness,brackishness,bravesareback
32,shesaidyes,sheathes,aforesaid,Sheridan,shesaidyes,
33,spursnation,spurs nation,subornation,transnational,supranational,suppuration
34,icc2019,icc2019,,,,
35,ripcity,rip city,ripcord,rapacity,rusticity,reciprocity
36,madukes,ma dukes,Marmaduke,Madurai,archdukes,madhouses
37,thisisyourtime,thisisyourtime,,,,
38,gobucks,go bucks,roebucks,megabucks,buckshot,bucksaw
39,fournierforreal,counterforce,underperformed,nonperformance,nonperforming,fournierforreal
40,20onpump2,20onpump2,,,,
41,happynationalsiblingsday,internationalization,nationalistically,supranationalism,interdenominational,happynationalsiblingsday
42,lovethisgame,lovelinesses,lovemaking,lovelessness,lovechild,lovethisgame
43,thedragon,the dragon,dragonhead,Thedrick,Thedric,dragonfly
44,itsabouttobecrazy,itsabouttobecrazy,,,,
45,gorguidiengfoundation,foundational,foundation,fecundation,inundation,gorguidiengfoundation
46,finalfour,final four,finalize,finalist,finality,finalization
47,sacramentoproud,Sacramento,sacramental,sacrament,sacrosanctness,sacramentoproud
48,ianmahinmicamp,ianmahinmicamp,,,,
49,neverwouldhavemadeit,neverwouldhavemadeit,,,,
50,riphussleman,rifleman,horsemanship,gentlemanliness,Telemachus,riphussleman
51,repost,reposts,repast,report,repose,re post
52,schwaaaaag,Schwartzkopf,Schwartz,Schwarzenegger,Schwab,schwaaaaag
53,nbagreen,greenback,agreement,Walgreen,agreeing,nbagreen
54,teaguetuesdays,Tuesdays,Tuesday,daguerreotypes,teaguetuesdays,
55,wethenorth,Wentworth,thenceforth,henceforth,northernmost,wethenorth
56,onelastdance,nonelastic,nonattendance,elastodynamics,overabundance,onelastdance
57,autismawareness,autism awareness,awareness,authoritativeness,immatureness,austereness
58,ballislife,ballistics,ballistic,ballfields,balloonist,ballislife
59,jortszn,Jorgenson,Jorgensen,Jordain,Jordanna,jortszn
60,nbase,base,abase,n base,nbase,
61,longlivenip,longsighted,longevity,longitude,Longueuil,longlivenip
62,southdadetoyota,southwestward,southeastward,southeastern,Southampton,southdadetoyota
63,teamjbl,teamster,teamwork,teammate,team,teamjbl
64,unleashthemanimal,unleashthemanimal,,,,
65,winginitmonday,demimondaine,winginitmonday,,,
66,bigfacts,big facts,Bigfoot,artifacts,bigamists,bigamist
67,frenchsavage,Frenchwoman,Frenchman,Frenchwomen,Frenchmen,frenchsavage
68,60winsad,gainsaid,chainsaw,wingspread,Lewinsky,60winsad
69,13year,yearly,midyear,yearn,yearbook,13year
70,sandout,standout,handout,sand out,Sandor,Sandoval
71,madrid,Madrid,mad rid,madrid,,
72,jamesgang,Jamestown,Jameson,Jamesy,gamesmen,jamesgang
73,mbahamoute,mealymouthed,badmouths,Bahamanian,blabbermouth,mbahamoute
74,drosedoc,drosophila,dromedary,dross,Rosendo,drosedoc
75,iguazufalls,nightfalls,windfalls,guildhalls,outfalls,iguazufalls
76,dubai,Dubai,dubai,,,
77,playoffs,playoffs,layoffs,payoffs,playoff,p layoffs
78,happynationalsiblingsday,internationalization,nationalistically,supranationalism,interdenominational,happynationalsiblingsday
79,playoffpush,playoff push,playoff,playfulness,playhouse,playground
80,grindcity,grind city,grindstone,grinding,grinder,grind
81,onlyupfromhere,onlyupfromhere,,,,
82,ruinthegame,fainthearted,ruinousness,Burlingame,ruination,ruinthegame
83,tbt,tit,tat,tot,tut,tbs
84,fearthedeer,earthed,earthenware,featherbed,feathered,fearthedeer
85,ride4nipsey,ridership,riderless,ride4nipsey,,
86,fearthedeer,earthed,earthenware,featherbed,feathered,fearthedeer
87,headbandgang,headband gang,headband,headhunting,headboard,headstand
88,bextraordinary,extraordinary,b extraordinary,bextraordinary,,
89,giannaisabellaacy,Isabella,giannaisabellaacy,,,
90,hoopchella,Rochella,hoopla,Rochelle,shellacked,hoopchella
91,togetherwearebetter,togetherness,together,togetherwearebetter,,
92,nbaplayoffs,playoffs,layoffs,playoff,payoffs,nbaplayoffs
93,ontothenextone,nonextensible,Eratosthenes,extortioner,ontothenextone,
94,howhungryareyou,howhungryareyou,,,,
95,biggerhome,bigger home,bigger,biggest,bigged,loggerhead
96,washingtonwine,Washingtonian,Washington,washing,Worthington,washingtonwine
97,ad,AD,Ad,d,a,sad
98,salute,salutes,saluter,saluted,solute,salute
99,littletikesballers,Littleton,littleness,littletikesballers,,
100,kfcbattle,battlefield,battlefront,battleship,battlement,kfcbattle
101,nextup,next up,next,sextuple,nexus,Neptune
102,travel,ravel,travels,gravel,t ravel,travel
103,og,go,g,o,tog,log
104,ad,AD,Ad,d,a,sad
105,carolinafamily,Carolina,Carolingian,Carolinian,Caroline,carolinafamily
106,lovelife,love life,lovelies,loveliness,Lovelace,loveless
107,nbaplayoffs2019,playoff,nbaplayoffs2019,,,
108,realworks,real works,metalworks,crewelworks,metalwork,realtor's
109,bingo,bing,bingos,lingo,dingo,Ringo
110,trutoatl,truthful,truckload,truncate,truths,trutoatl
111,5thmaster,5th master,bushmaster,headmaster,choirmaster,paymaster
112,farouqisonfire,farouqisonfire,,,,
113,gameday,game day,gametic,someday,gamester,gamecock
114,ownit,ow nit,own it,owner,owned,Townie
115,nbaplayoffs,playoffs,layoffs,playoff,payoffs,nbaplayoffs
116,girbauds,Giraudoux,Giraud,girlhoods,giraffes,girbauds
117,prayformozambique,Mozambique,Mozambican,prayformozambique,,
118,sretnanovagodina,sretnanovagodina,,,,
119,availableattarget,availableness,available,availability,availably,availableattarget
120,marathoncontinues,marathon continues,marathoner,marathons,noncontinuous,Marathon
121,iwwtr,iwwtr,,,,
122,nbatwitterlive,atwitter,chitterlings,afterlives,twitterer,nbatwitterlive
123,onelastdance,nonelastic,nonattendance,elastodynamics,overabundance,onelastdance
124,thegamelovesyou,thegamelovesyou,,,,
125,sharkmentality,shark mentality,sentimentality,instrumentality,monumentality,mentality
126,playoffsbaby,playoffs baby,playoff,playability,playfulness,playfellow
127,damegoose,dame goose,mongoose,goosebumps,Damocles,damselfly
128,clippers,clippers,clipper,clipper's,slippers,flippers
129,madebygoogle,mademoiselle,gobbledygook,Google,madebygoogle,
130,humbleandhungry,humbleness,Northumberland,humble,humbleandhungry,
131,plantbasedlife,Plantagenet,plantlike,planetesimal,plantation,plantbasedlife
132,everyday,everyday,every day,,,
133,playoffs,playoffs,layoffs,payoffs,playoff,p layoffs
134,dictatorerdogan,dictatorialness,dictatorship,dictatorial,dictator,dictatorerdogan
135,w,W,aw,ow,cw,kw
136,ad,AD,Ad,d,a,sad
137,nba,NBA,nab,ban,Eba,nba
138,clinched,clinked,clinched,cinched,flinched,clenched
139,unleaded,unleaded,unladed,unloaded,,
140,thebrotherhood,the brotherhood,brotherhood,motherhood,fatherhood,stepbrother
141,iputthatonnip,manipulatory,manipulator,iputthatonnip,,
142,fbf,bf,ff,f bf,fbf,
143,gdfxmatter,formatters,formatter's,formatter,smattering,gdfxmatter
144,teamvasquez,Vasquez,masquerader,masquerade,Monegasque,teamvasquez
145,gameday,game day,gametic,someday,gamester,gamecock
146,princesscamille,princess,princeliness,princedom,princely,princesscamille
147,gonnaloveme,governmental,lovemaking,governable,improvement,gonnaloveme
148,thatslowgrind,thatslowgrind,,,,
149,staythecourse,racecourse,watercourse,intercourse,recourse,staythecourse
150,earthday,earth day,earthward,earthly,earthed,earthy
151,patienceiskey,Patience,patience,patient's,patients,patienceiskey
152,repost,reposts,repast,report,repose,re post
153,luvumama,lumberman,luvumama,,,
154,teamprogressiondaily,progression,retrogression,impressionability,semiprofessionally,teamprogressiondaily
155,dubnation,dub nation,subnational,damnation,subornation,divination
156,nhnip,nippy,Nippon,nipped,nipper,nhnip
157,toyota,Toyota,toyota,,,
158,ad,AD,Ad,d,a,sad
159,runasone,Reasoner,reasoner,runaround,runabout,runasone
160,winginit,swinging,wingeing,wingding,wingtip,winginit
161,resteasynip,restoration,Restoration,restrained,restorative,resteasynip
162,euroleague,colleague,beleaguer,Eurodollar,Europeanized,euroleague
163,bextraordinary,extraordinary,b extraordinary,bextraordinary,,
164,cobraconnect,cobra connect,connectible,connectivity,connections,connectedly
165,court,Court,curt,courts,count,court
166,themarathoncontinues,noncontinuous,transcontinental,continues,marathoner,themarathoncontinues
167,africanprinces,Africans,African,princelinesses,Americanizes,africanprinces
168,repost,reposts,repast,report,repose,re post
169,wherestiago,wheresoever,wherewithal,whereabout,wherewith,wherestiago
170,polandfinnest,clandestineness,outlandishness,Poland,polycrystalline,polandfinnest
171,gospursgogng,gospeler,gospursgogng,,,
172,damnthat,damn that,damnation,damnedest,damnably,damning
173,boiicold,boiled,boldface,botanical,bondholder,boiicold
174,wewill,we will,freewill,Weill,Willem,Willey
175,rollinparadise,paradise,Paradise,paradisaical,rollerskating,rollinparadise
176,nbaplayoffs,playoffs,layoffs,playoff,payoffs,nbaplayoffs
177,tbt,tit,tat,tot,tut,tbs
178,ad,AD,Ad,d,a,sad
179,repost,reposts,repast,report,repose,re post
180,unbm,numb,unbm,,,
181,unitymakesamericagreat,Americanization,unitymakesamericagreat,,,
182,game3,game,games,gamer,gamed,game 3
183,mafuzzychef,mafuzzychef,,,,
184,5minutesfromhome,5minutesfromhome,,,,
185,littletikes,Littleton,littlenesses,littleness,littleneck,littletikes
186,streetball,street ball,streetwalker,streetlight,streetcar,streetwise
187,damarisavile,Damaris,damageable,Donnamarie,extramarital,damarisavile
188,bridge,ridge,bride,abridge,bridges,bridged
189,onelastdance,nonelastic,nonattendance,elastodynamics,overabundance,onelastdance
190,sponsored,sponsored,sponsor ed,,,
191,carolinaszn,Carolina,Carolingian,Carolinian,Caroline,carolinaszn
192,crosty,frosty,crusty,Crosby,crosscut,crossway
193,ad,AD,Ad,d,a,sad
194,family,family,,,,
195,goat,oat,got,groat,gloat,goats
196,riprip,rip rip,ripper,ripped,ripply,ripple
197,playoffpush,playoff push,playoff,playfulness,playhouse,playground
198,tmc,tic,Tm,TM,TLC,THC
199,whitetallt,whitetail,whitewall,Whitehall,Whitefield,whitetallt
200,babayaro,Bayard,Babar's,Babara,Surabaya,babayaro
201,sponsoredobviously,sponsored obviously,obviously,sponsorship,spontaneously,subconsciously
202,blessed,blessed,blissed,blesses,bless ed,
203,boozerbasketballcamp,basketball,boozerbasketballcamp,,,
204,respect,respect,respects,,,
205,brotherhood,brotherhood,brotherhoods,brother hood,,
206,liningfamily,lining family,intrafamily,multifamily,familiarizingly,lining
207,gameday,game day,gametic,someday,gamester,gamecock
208,kicksoncourt,Hendrickson,Fredrickson,kickstand,concourse,kicksoncourt
209,goclippers,go clippers,clippers,slippers,flippers,clipper
210,ad,AD,Ad,d,a,sad
211,srswagdaddy,granddaddy,srswagdaddy,,,
212,suprsnation,supranational,subornation,suppuration,subordination,suprsnation
213,nbaplayoffs,playoffs,layoffs,playoff,payoffs,nbaplayoffs
214,bucks,buck,buck's,sucks,tucks,lucks
215,washthewindows,Washingtonians,windowsills,windowsill,Washingtonian,washthewindows
216,wassupderboayyyy,wassupderboayyyy,,,,
217,game4,game,games,gamer,gamed,game 4
218,powerofthepack,powerfulness,powerlessness,powerhouse,powerboat,powerofthepack
219,antwanelfutbolista,antifundamentalist,antwanelfutbolista,,,
220,purpletalk,purple talk,purple,purplish,purposeless,purposeful
221,7yearsyoung,youngster,Youngstown,youngish,7yearsyoung,
222,wegiveyoulife,wegiveyoulife,,,,
223,linstanation,instantiation,installation,supranational,explanation,linstanation
224,tbt,tit,tat,tot,tut,tbs
225,nbaplayoffs,playoffs,layoffs,playoff,payoffs,nbaplayoffs
226,marathoncontinues,marathon continues,marathoner,marathons,noncontinuous,Marathon
227,tundra,tundras,tundra,,,
228,alhamdulillah,Alhambra,alhamdulillah,,,
229,dametime,dame time,sometime,daytime,peacetime,diameter
230,themarathoncontinues,noncontinuous,transcontinental,continues,marathoner,themarathoncontinues
231,nba,NBA,nab,ban,Eba,nba
232,blue,blew,blues,bluer,bluet,blued
233,longlivenip,longsighted,longevity,longitude,Longueuil,longlivenip
234,hardworkpaysoff,hardworking,hardwood,hardworkpaysoff,,
235,srilanka,Srinagar,Strickland,sibilant,shrinkage,srilanka
236,youarewelcome,welcomeness,unwelcome,welcome,welcoming,youarewelcome
237,vacation,vacation,vacations,vocation,,
238,nbaplayoffs,playoffs,layoffs,playoff,payoffs,nbaplayoffs
239,morethananathlete,nonathletic,pentathlete,trichloroethane,polyurethane,morethananathlete
240,yeaaaap,yearner,Yeager,yearbook,yearning,yeaaaap
241,spanishfamily,Spanish,spanielling,spanielled,intrafamily,spanishfamily
242,nbaplayoffs,playoffs,layoffs,playoff,payoffs,nbaplayoffs
243,tmc,tic,Tm,TM,TLC,THC
244,sprinterthefilm,Springfield,Springsteen,teleprinter,springtime,sprinterthefilm
245,gospursgokawhi,gospursgokawhi,,,,
246,lifemode,life mode,lifeblood,lifetime,lifeforms,lifelong
247,sponsored,sponsored,sponsor ed,,,
248,vk,k,v,ck,pk,bk
249,mbusacollection,collection,collectivization,collectivism,collectivist,mbusacollection
250,graciasmanu,graciousness,Gracia,gracious,grantsmanship,graciasmanu
251,l3gacy,legacy,lunacy,megacycle,gigacycle,profligacy
252,huluhaslivesports,sportsmanlike,huluhaslivesports,,,
253,marchmadness,march madness,marchioness,madness,manifoldness,marshiness
254,detroitbasketball,basketball,detroitbasketball,,,
255,nextgeneration,next generation,intergeneration,intragenerational,generational,generation
256,teamjbl,teamster,teamwork,teammate,team,teamjbl
257,charlotte,Charlotte,charlotte,,,
258,thestarters,the starters,nonstarters,starters,nonstarter,headquarters
259,sunday,Sunday,sundry,sundae,sun day,sunday
260,biggerthanbasketball,basketball,biggerthanbasketball,,,
261,marathonmentality,marathon mentality,monumentality,environmentalist,environmentalism,instrumentality
262,nbakicks,kickstand,placekicks,kickbacks,dropkicks,nbakicks
263,laourway,clearway,underway,motorway,waterway,laourway
264,wethenorth,Wentworth,thenceforth,henceforth,northernmost,wethenorth
265,fatherandson,fatherland,fatherliness,fatherhood,fatherless,fatherandson
266,blessedbeyondmeasure,blessedness,immeasurableness,countermeasure,measureless,blessedbeyondmeasure
267,hardworkpaysoff,hardworking,hardwood,hardworkpaysoff,,
268,blazersnation,blazers nation,transnational,impersonation,international,consternation
269,ap,AP,pa,p,a,sap
270,bigshot,big shot,bigs hot,slingshot,mugshot,Bigfoot
271,bigmood,big mood,bigmouth,Bigfoot,bigamous,bigoted
272,game3,game,games,gamer,gamed,game 3
273,essentianation,essentialness,essentialist,essentially,essential,essentianation
274,mimejorversion,animadversion,perversion,interconversion,introversion,mimejorversion
275,sactown,sac town,sanction,transactor,shantytown,Sacramento
276,literally,literally,laterally,liberally,lite rally,liter ally
277,threeinarow,threescore,threepenny,threepence,threatening,threeinarow
278,fatherandson,fatherland,fatherliness,fatherhood,fatherless,fatherandson
279,keepthatsameenergy,keepthatsameenergy,,,,
280,heydayadvertising,heyday advertising,advertising,advertisement,animadverting,advertised
281,tmc,tic,Tm,TM,TLC,THC
282,linkinbio,linking,linkable,linkage,linker,linkinbio
283,kj2fly,kj2fly,,,,
284,reptiles,reptiles,reptile,reptile's,rep tiles,reptile s
285,thekidfromakron,thekidfromakron,,,,
286,laclippers,la clippers,clippers,slippers,flippers,clipper
287,pooh,pooh,hoop,Pooh,ooh,pooch
288,plane,lane,pane,plan,planes,planer
289,letsmoveforabetterworld,letsmoveforabetterworld,,,,
290,salute,salutes,saluter,saluted,solute,salute
291,lafamilia,unfamiliar,familial,familiar,paterfamilias,lafamilia
292,footwork,footwork,footworks,foot work,,
293,classof2030,classified,classifier,classifiable,classificatory,classof2030
294,blessed,blessed,blissed,blesses,bless ed,
295,newposter,new poster,Newport,newscaster,posterior,posterity
296,avecclasse,classer,masterclass,interclass,underclass,avecclasse
297,dubnation,dub nation,subnational,damnation,subornation,divination
298,конкурс,,,,,
299,ad,AD,Ad,d,a,sad
300,family,family,,,,
301,blessed,blessed,blissed,blesses,bless ed,
302,hulusellouts,sellouts,sellout,houselights,pullouts,hulusellouts
303,legend,legend,legends,leg end,,
304,finalfour,final four,finalize,finalist,finality,finalization
305,ad,AD,Ad,d,a,sad
306,tbt,tit,tat,tot,tut,tbs
307,everybodyeats,everybody eats,everybody,everydayness,everyones,everyplace
308,nbatv,sunbath,NBA,native,baton,nbatv
309,reform,reform,preform,reforms,deform,re form
310,onelastdance,nonelastic,nonattendance,elastodynamics,overabundance,onelastdance
311,menhaveskintoo,menhaveskintoo,,,,
312,ripcity,rip city,ripcord,rapacity,rusticity,reciprocity
313,atuttomotore,automotive,servomotor,vasomotor,automorphism,atuttomotore
314,lockedin,locked in,locked,Lockean,locket,locker
315,nbaplayoffs,playoffs,layoffs,playoff,payoffs,nbaplayoffs
316,grinddaily,grind daily,grindingly,grindstone,grinding,grinningly
317,onegoal,one goal,Onega,Onegin,Oneal,oneself
318,nationalpetday,nationalized,nationalistically,nationalistic,nationalizer,nationalpetday
319,puremagic,pure magic,pureeing,puritanic,demagogic,premature
320,50winseason,nonseasonal,unseasonal,seasonality,seasoning,50winseason
321,indybound,inbounds,inbound,hidebound,icebound,indybound
322,overachievingh2o,overachieve,underachiever,overarching,underachieve,overachievingh2o
323,nba,NBA,nab,ban,Eba,nba
324,heisrisennbagreens,heisrisennbagreens,,,,
325,chunkzzz,chunkiness,chunky,chunk,chuntering,chunkzzz
326,jerebko,Jeremie,Jeremias,Jeremy,Jereme,jerebko
327,woke,woe,wok,awoke,woken,toke
328,onelastdance,nonelastic,nonattendance,elastodynamics,overabundance,onelastdance
329,lovemebeforetheyalldo,lovemebeforetheyalldo,,,,
330,twotimecoachoftheyear,twotimecoachoftheyear,,,,
331,blessed,blessed,blissed,blesses,bless ed,
332,snake,Snake,sake,snakes,snaked,sneak
333,striveforgreatness,straightforwardness,greatness,demonstrativenesses,demonstrativeness,striveforgreatness
334,lucmbahamoute,lucmbahamoute,,,,
335,restinpeace,restiveness,restitution,Greenpeace,restrained,restinpeace
336,atlantis,Atlantis,atlantes,atlantis,,
337,legends,legends,legend,legend's,leg ends,legend s
338,basketball,basketball,basketballs,basket ball,,
339,goat,oat,got,groat,gloat,goats
340,firstlook,first look,firstborn,firsthand,first,Firestone
341,ripnipsey,ripenesses,ripeness,riposte,ripened,ripnipsey
342,veryhungry,very hungry,everything,hungry,overhung,hungrily
343,letsgo,lets go,Letisha,letdown,letting,lethargy
344,наставник,,,,,
345,badboysforlife,badboysforlife,,,,
346,spurs,spoors,spurs,spur,spurns,spurts
347,brotherhood,brotherhood,brotherhoods,brother hood,,
348,staytuned,stay tuned,staunched,stayed,statued,stained
349,nbachamp,Beauchamps,champion,champaign,Champlain,nbachamp
